{"acc":0.8226422264106046,"_wandb":{"runtime":0},"loss":0.2047915995064265,"_timestamp":1.7222580249795043e+09,"_runtime":0.40840795,"_step":7}