{"acc": 0.97042492806621, "loss": 0.12681293490341025, "_timestamp": 1722257352.4668963, "_runtime": 3.030726194381714, "_step": 7, "_wandb": {"runtime": 3}}