{"loss":0.08652164812538102,"_timestamp":1.7222584655399463e+09,"_runtime":0.439312179,"_step":7,"_wandb":{"runtime":0},"acc":0.8489762754702264}