{"_runtime":0.439820589,"_step":7,"_wandb":{"runtime":0},"acc":0.8298583145922479,"loss":0.11612523954543888,"_timestamp":1.7222579367305162e+09}