{"_wandb":{"runtime":1},"_runtime":0.496987082,"_step":7,"acc":0.7974146044705703,"loss":0.10250900499076993,"_timestamp":1.7222575178338075e+09}